value,,necessity,necessity,necessity,necessity,necessity,necessity,sufficiency,sufficiency,sufficiency,sufficiency,sufficiency,sufficiency,necessity_mask,necessity_mask,necessity_mask,necessity_mask,necessity_mask,necessity_mask,sufficiency_mask,sufficiency_mask,sufficiency_mask,sufficiency_mask,sufficiency_mask,sufficiency_mask,prediction,prediction,prediction,prediction,prediction,prediction,score,score,score,score,score,score
Dataset,,CAD_abuse,Davidson_abuse,Founta_abuse,CAD_hate,Davidson_hate,Founta_hate,CAD_abuse,Davidson_abuse,Founta_abuse,CAD_hate,Davidson_hate,Founta_hate,CAD_abuse,Davidson_abuse,Founta_abuse,CAD_hate,Davidson_hate,Founta_hate,CAD_abuse,Davidson_abuse,Founta_abuse,CAD_hate,Davidson_hate,Founta_hate,CAD_abuse,Davidson_abuse,Founta_abuse,CAD_hate,Davidson_hate,Founta_hate,CAD_abuse,Davidson_abuse,Founta_abuse,CAD_hate,Davidson_hate,Founta_hate
target,text,,,,,,,,,,,,,,,,,,,,,,,,,,,,,,,,,,,,
women,I hate women.,0.9215686274509803,0.8529411764705882,0.3137254901960784,,,0.3627450980392157,0.7163019607843135,0.6134745098039215,0.3077490196078431,,,0.40136862745098023,0.9057741424470556,0.25860923061183855,0.05353041314611248,,,0.25248648554963227,0.9169384866339642,0.8812440506731829,0.7463443000673788,,,0.7600825629726,1,1,1,0,0,1,0.991382896900177,0.987005352973938,0.9894124865531921,0.47758516669273376,0.08317472785711288,0.9901851415634155
Muslims,I hate Muslims.,0.8857142857142857,0.8,0.3142857142857143,0.9714285714285714,0.8666666666666667,0.34285714285714286,0.9413999999999999,0.3772,0.8651999999999999,0.9448000000000001,0.8362000000000003,0.8797999999999999,0.899893398387801,0.2105486478124346,0.06385307425544376,0.9449301444881019,0.7992441974580288,0.2858358512322108,0.9495525672710733,0.6775562135084069,0.9563230587718077,0.9596583253626945,0.9592992419600018,0.9101917532472874,1,1,1,1,1,1,0.9952994585037231,0.9382812976837158,0.9915614724159241,0.9907100796699524,0.9935386776924133,0.9876922965049744
women,I really can't stand women like you.,0.7128712871287128,0.8613861386138614,,,,,0.6864000000000001,0.4022,,,,,0.5237094524620783,0.6212259938590007,,,,,0.8377791855163175,0.8293266756041442,,,,,1,1,0,0,0,0,0.9901372194290161,0.848061740398407,0.03734458237886429,0.25074973702430725,0.007252646144479513,0.013681740500032902
Muslims,I really can't stand Muslims like you.,0.7419354838709677,0.8817204301075269,0.9247311827956989,1.0,0.9139784946236559,0.946236559139785,0.9217960396039603,0.4123485148514851,0.816388118811881,0.8856910891089109,0.8474871287128717,0.7322752475247524,0.5462738264712595,0.43257926423002474,0.657642729700573,0.978912613474794,0.9799030100330911,0.9241828180609211,0.9500919142103396,0.7779615453938674,0.9414405052923486,0.9402012233194906,0.9582127710031523,0.9123176167863977,1,1,1,1,1,1,0.9977662563323975,0.6962834000587463,0.8246564865112305,0.9922972321510315,0.9925171136856079,0.9617344737052917
women,I despise women.,0.8901098901098901,,0.5714285714285714,0.945054945054945,,0.8791208791208791,0.7930831683168316,,0.2619326732673267,0.6084633663366337,,0.3164336633663366,0.8421776390501431,,0.10057919497018332,0.7960487703721111,,0.9053785388286297,0.9225010280093309,,0.73483211129746,0.9335176539548722,,0.7615466167788061,1,0,1,1,0,1,0.9487159252166748,0.4506138265132904,0.9464823603630066,0.8307235836982727,0.002843136666342616,0.9755791425704956
Muslims,I despise Muslims.,0.8932038834951457,,0.7281553398058253,0.9611650485436893,,0.912621359223301,0.9298210526315788,,0.8404631578947365,0.9221684210526316,,0.8850631578947368,0.8821206638969264,,0.13566618174025155,0.9568947589712091,,0.9159786572444786,0.949862839092597,,0.9532832973351945,0.9595125742816796,,0.9062393916824002,1,0,1,1,0,1,0.9954712390899658,0.169331893324852,0.9840542674064636,0.9901617765426636,0.382503479719162,0.9888426065444946
women,I detest women.,0.8785046728971962,0.8598130841121495,,,,,0.7184093457943925,0.5720598130841121,,,,,0.8202123228356103,0.7674702123225292,,,,,0.924026140747428,0.872562987010877,,,,,1,1,0,0,0,0,0.9870680570602417,0.9718827605247498,0.052147477865219116,0.34760239720344543,0.00322934752330184,0.012029035948216915
Muslims,I detest Muslims.,0.8640776699029126,0.8058252427184466,0.7961165048543689,0.970873786407767,0.970873786407767,0.941747572815534,0.8821920792079206,0.39254653465346534,0.8262891089108908,0.8955920792079208,0.7583782178217826,0.8114831683168315,0.8323617945018323,0.4481311590926161,0.7319855598859417,0.9475788646603672,0.9838165239774559,0.9258713844476394,0.9501967381254245,0.6639336702779016,0.9544830579287501,0.9595518964007518,0.9551325056463896,0.9096892219135623,1,1,1,1,1,1,0.9968475699424744,0.6932733654975891,0.9874103665351868,0.9900820851325989,0.9898080229759216,0.9884229302406311
women,I absolutely loathe women.,0.9565217391304348,,0.7739130434782608,,,,0.6917370786516854,,0.0812674157303371,,,,0.6953529583371204,,0.3344348339282948,,,,0.9167873889054196,,0.6212060911292326,,,,1,0,1,0,0,0,0.9772462844848633,0.038951676338911057,0.9576422572135925,0.19184447824954987,0.0029033550526946783,0.012534546665847301
Muslims,I absolutely loathe Muslims.,0.9380530973451328,,0.7610619469026548,0.9823008849557522,1.0,0.9734513274336283,0.9494952380952381,,0.8994857142857141,0.9152761904761905,0.6309619047619047,0.860752380952381,0.7409284398355315,,0.28014679042111457,0.9543743188023172,0.8485545610444439,0.925898819584894,0.948897500871726,,0.9530215702701226,0.9589039143408261,0.5816567639644192,0.8978874741810198,1,0,1,1,1,1,0.9964849948883057,0.0623946338891983,0.9860888123512268,0.9887652397155762,0.8529019355773926,0.9569393396377563
women,Disgusted by all the women around here.,0.9636363636363636,0.8090909090909091,0.8,0.9818181818181818,,0.9818181818181818,0.43309811320754715,0.4555018867924528,0.1521811320754717,0.2389509433962264,,0.12130943396226414,0.6425261219963432,0.1896306111053987,0.2631486996669661,0.5462141756264662,,0.8990486808290535,0.7137841208182982,0.8809007735434016,0.7083428584552616,0.6256359173276905,,0.7264199321920773,1,1,1,1,0,1,0.8350958824157715,0.9693180322647095,0.9860424399375916,0.574317455291748,0.024674877524375916,0.9755558967590332
Muslims,Disgusted by all the Muslims around here.,0.9489795918367347,0.8979591836734694,0.8469387755102041,0.9795918367346939,0.9081632653061225,1.0,0.8199858585858585,0.6544727272727273,0.8745939393939393,0.7929818181818182,0.7842808080808084,0.8080828282828282,0.7858595905103245,0.2519975113017218,0.19129180600296478,0.961051673519102,0.5018669032867124,0.8987884172713574,0.9454850471210428,0.8914472521230989,0.9549369438770661,0.9589134393436813,0.9575318141771821,0.9068343781878223,1,1,1,1,1,1,0.9926769733428955,0.9838792085647583,0.9902191758155823,0.990323543548584,0.9934430122375488,0.9755939841270447
women,I have so much disdain for these women.,0.945054945054945,,,,,0.8021978021978022,0.6725111111111111,,,,,0.37979999999999997,0.7412415112440403,,,,,0.3659925909897128,0.8268064821438786,,,,,0.798714850449055,1,0,0,0,0,1,0.9780696630477905,0.018293000757694244,0.06059844046831131,0.10439896583557129,0.028819100931286812,0.9756067395210266
Muslims,I have so much disdain for these Muslims.,0.9196428571428571,,0.8839285714285714,0.9821428571428571,0.8303571428571429,0.7678571428571429,0.9280666666666666,,0.8518666666666667,0.8748,0.8928666666666669,0.9298000000000002,0.8169845935190096,,0.6228025365271606,0.9734594492391417,0.9401623466796342,0.4121465797153568,0.9478688706633247,,0.9484142396526725,0.9596971125885766,0.9595882345834902,0.9076514395464524,1,0,1,1,1,1,0.9954416751861572,0.19345416128635406,0.9717406034469604,0.9919878244400024,0.9932934045791626,0.9756091237068176
women,I have so much hatred for you women.,0.7604166666666666,0.96875,0.5625,,,0.46875,0.7114,0.43806956521739127,0.4243304347826088,,,0.4363217391304346,0.4846875637595076,0.7810446126143992,0.3347495617733027,,,0.42324303292358917,0.8376561767707973,0.7910600779483401,0.6604536986608018,,,0.7405211210977489,1,1,1,0,0,1,0.9913217425346375,0.911029040813446,0.8830819129943848,0.051241833716630936,0.08878376334905624,0.9756009578704834
Muslims,I have so much hatred for you Muslims.,0.7755102040816326,0.9693877551020408,0.6428571428571429,0.9897959183673469,0.9387755102040817,0.5102040816326531,0.9128563106796115,0.47088932038834946,0.8284038834951453,0.8485864077669903,0.8888213592233014,0.8730038834951456,0.5072034306881227,0.7627434088202307,0.3988975475504234,0.9806357292691246,0.9648991615454457,0.43288490434690396,0.9489938415772223,0.7454495739333746,0.9481123235028444,0.9393358035939672,0.9595564514820546,0.915194211221314,1,1,1,1,1,1,0.9970675110816956,0.9543397426605225,0.9760863184928894,0.9905614256858826,0.9935070276260376,0.9756141901016235
women,So sick of being around women like you.,0.7477477477477478,0.7477477477477478,0.7747747747747747,,,,0.5613999999999999,0.5798315789473685,0.18783157894736832,,,,0.46440234315489326,0.4763700837051278,0.10876723734645156,,,,0.7492318473043101,0.8458991491552421,0.829644848823895,,,,1,1,1,0,0,0,0.9854928851127625,0.9483932256698608,0.9065927863121033,0.3044677674770355,0.011572272516787052,0.11283769458532333
Muslims,So sick of being around Muslims like you.,0.5876288659793815,0.7010309278350515,0.7422680412371134,0.9690721649484536,0.9896907216494846,0.9484536082474226,0.8982421052631577,0.40088421052631584,0.8615157894736839,0.8800631578947369,0.6919894736842106,0.769273684210526,0.44258598894956186,0.4621886579876708,0.16561732126265458,0.9134559054743767,0.9491949383668679,0.8060901945015204,0.9469924306077868,0.8354943368067257,0.9539483527858347,0.9592234760690861,0.9550299505779148,0.9116622272834037,1,1,1,1,1,1,0.9978983402252197,0.9580495357513428,0.9859305620193481,0.9919390082359314,0.9923821091651917,0.9863437414169312
women,I feel nothing but contempt for women.,0.8448275862068966,,,0.9827586206896551,,0.9396551724137931,0.6422510638297871,,,0.4535234042553193,,0.3627787234042553,0.5936352055648277,,,0.6187936343726349,,0.5561881536328844,0.8856570934991662,,,0.734885449432294,,0.49928228157058246,1,0,0,1,0,1,0.9951985478401184,0.04187663272023201,0.07968925684690475,0.6365737915039062,0.005734546110033989,0.9755968451499939
Muslims,I feel nothing but contempt for Muslims.,0.82,,0.87,0.98,0.98,0.94,0.918389247311828,,0.8061677419354836,0.86727311827957,0.8149096774193553,0.6787247311827955,0.5390504421666265,,0.4527385382540524,0.9718126816023142,0.9852143241697923,0.5409429570753127,0.9491657605253903,,0.9506290967553943,0.9590977451206298,0.9508990630750547,0.9086404675407468,1,0,1,1,1,1,0.9976885318756104,0.10961121320724487,0.9778786897659302,0.9908174276351929,0.9910915493965149,0.9755960702896118
women,These women disgust me so much.,0.9150943396226415,0.8962264150943396,0.7830188679245284,0.9905660377358491,,0.9622641509433962,0.621777358490566,0.5404075471698112,0.29369056603773586,0.5880075471698113,,0.2911207547169812,0.7022783581940633,0.798843304253236,0.27877080890367617,0.8951586938797021,,0.6586450865703091,0.8714342354001305,0.8624654347853288,0.5613798063550937,0.9421546333497816,,0.5330351363031,1,1,1,1,0,1,0.9905473589897156,0.9743204712867737,0.9341112971305847,0.9722751379013062,0.03725137189030647,0.9755843877792358
Muslims,These Muslims disgust me so much.,0.8539325842696629,0.9213483146067416,0.8314606741573034,0.9775280898876404,0.9438202247191011,0.9662921348314607,0.8481924528301887,0.5215396226415093,0.8691622641509433,0.8710264150943396,0.7686528301886796,0.7439509433962265,0.7038662409137809,0.805670735421015,0.3848672504379843,0.9261577780871244,0.9217162160359825,0.768473850019025,0.9491965355135926,0.8651895520508861,0.9531506451325054,0.9595210426515394,0.9558854165762758,0.9131522363867033,1,1,1,1,1,1,0.996970534324646,0.9622732996940613,0.9864181876182556,0.9920542240142822,0.9929429888725281,0.9888520836830139
women,Women are the absolute worst.,0.9065420560747663,,,0.9532710280373832,,0.9719626168224299,0.7538528301886792,,,0.8238566037735849,,0.27225283018867924,0.5811582443034538,,,0.6336157267051531,,0.8318099185963658,0.9275225558893302,,,0.9522642513747875,,0.38891991603978077,1,0,0,1,0,1,0.9954955577850342,0.01323467306792736,0.07117297500371933,0.9842991828918457,0.003024161094799638,0.9755717515945435
Muslims,Muslims are the absolute worst.,0.7608695652173914,,0.7065217391304348,0.8695652173913043,,0.9021739130434783,0.9298210526315788,,0.8720421052631575,0.9748000000000001,,0.8850631578947366,0.563471978287334,,0.7217784629648795,0.6277791537627901,,0.8499422493674185,0.9507164409749294,,0.9522489729150686,0.9600593540397314,,0.9168457734500747,1,0,1,1,0,1,0.9978885054588318,0.022454533725976944,0.9813205599784851,0.9919672608375549,0.06396457552909851,0.9899284243583679
women,You women make me sick.,0.8137254901960784,0.9117647058823529,0.7941176470588235,0.9803921568627451,,,0.6176500000000001,0.4688666666666667,0.2268666666666667,0.5789666666666666,,,0.4821938955973761,0.7656141287994152,0.4540037482830824,0.8979907925651573,,,0.9168041164355275,0.8816234468374247,0.5254729714172273,0.8876537122065744,,,1,1,1,1,0,0,0.9949755668640137,0.9848047494888306,0.9182320237159729,0.9812348484992981,0.08933839946985245,0.10080034285783768
Muslims,You Muslims make me sick.,0.8137254901960784,0.9607843137254902,0.9509803921568627,0.9901960784313726,0.9901960784313726,1.0,0.8813999999999999,0.5771999999999999,0.8751999999999999,0.8448,0.7462000000000003,0.8297999999999999,0.4823879760270025,0.7196526303796061,0.5358489481549636,0.917244998162941,0.9679152448844238,0.807600465694479,0.9508021214283303,0.8758821470244323,0.9543087728497572,0.9598241979365469,0.9572428691982755,0.9144272247343327,1,1,1,1,1,1,0.9979830980300903,0.9783169627189636,0.9875314831733704,0.9930911064147949,0.9927361011505127,0.9886702299118042
women,There is nothing worse than a woman.,0.925531914893617,,,0.9680851063829787,,,0.37368070175438595,,,0.1502385964912281,,,0.8344991350239341,,,0.7340814197668806,,,0.7009815597422245,,,0.19225939747090412,,,1,0,0,1,0,0,0.8818016052246094,0.013775533065199852,0.06773712486028671,0.7416868805885315,0.0029467272106558084,0.08882354944944382
Muslims,There is nothing worse than a Muslim.,0.9519230769230769,,0.875,,0.9615384615384616,0.9711538461538461,0.6679217391304348,,0.7504173913043476,,0.8457652173913048,0.8711043478260868,0.9409762049752037,,0.6432218770138346,,0.983894353188449,0.8496844427695928,0.902881836275978,,0.941296725880302,,0.9584904691265509,0.9124300696277466,1,0,1,0,1,1,0.9966639876365662,0.010548906400799751,0.9492822885513306,0.08969449251890182,0.9910974502563477,0.9891536831855774
women,Seeing women in this place makes me so angry.,1.0,0.9067796610169492,,,,0.9830508474576272,0.40065233644859805,0.46925607476635506,,,,0.2227906542056075,0.4993423676291891,0.6059054490889154,,,,0.6047495153527391,0.5951723037854322,0.8774981903224762,,,,0.44345293397206165,1,1,0,0,0,1,0.5725578665733337,0.9804163575172424,0.0739050805568695,0.3866349160671234,0.005222859792411327,0.9754526615142822
Muslims,Seeing Muslims in this place makes me so angry.,0.9595959595959596,0.9494949494949495,0.9494949494949495,0.9797979797979798,1.0,0.9696969696969697,0.9007939393939393,0.28073535353535356,0.8240888888888888,0.9040929292929293,0.7640787878787881,0.8181838383838383,0.9255407456158087,0.3459316615034083,0.8021641153127256,0.9682670682315913,0.9841649056614536,0.6052931244908408,0.9479368402329788,0.787248341902394,0.9497749197403205,0.9577109162374049,0.9407688067771705,0.911472162615889,1,1,1,1,1,1,0.9949623346328735,0.6975729465484619,0.979705274105072,0.9887958765029907,0.9902382493019104,0.9650905728340149
women,Women who think they are my equal fill me with so much rage.,0.8269230769230769,0.6634615384615384,,0.9615384615384616,,,0.5969140186915888,0.35710654205607467,,0.666388785046729,,,0.5494227262500387,0.280863293661521,,0.9225199354516987,,,0.8839359848116949,0.7112631644896116,,0.9058375409587954,,,1,1,0,1,0,0,0.9745156168937683,0.7487189769744873,0.05240628123283386,0.9455212950706482,0.007994240149855614,0.021389540284872055
Muslims,Muslims who think they are my equal fill me with so much rage.,0.8586956521739131,0.7391304347826086,0.8804347826086957,0.967391304347826,0.967391304347826,0.9239130434782609,0.9007939393939393,0.47265454545454544,0.7230787878787878,0.9545979797979798,0.5822606060606061,0.5555575757575757,0.5602795850566548,0.4160017969349966,0.715838600562521,0.9655212376205979,0.976359797553058,0.8899662057342737,0.9496803892812773,0.7918803184523686,0.9370859193119955,0.9381672908794773,0.8606885009019196,0.8475901048256868,1,1,1,1,1,1,0.9965684413909912,0.912101149559021,0.9487035870552063,0.9913132786750793,0.9915738701820374,0.9537948966026306
women,Women like you make me furious.,0.9560439560439561,0.8241758241758241,,0.989010989010989,,,0.6482686868686868,0.48275555555555555,,0.7626787878787878,,,0.7165680603830369,0.4466228895298727,,0.9663705990936321,,,0.9228146480620939,0.8784709151622582,,0.952245977683508,,,1,1,0,1,0,0,0.9896268844604492,0.983249306678772,0.07292361557483673,0.9852153062820435,0.00432901456952095,0.08221868425607681
Muslims,Muslims like you make me furious.,0.9528301886792453,0.8207547169811321,0.9339622641509434,0.9905660377358491,0.9905660377358491,0.9716981132075472,0.9276921348314606,0.3991101123595506,0.8003685393258426,0.9523280898876404,0.6840651685393259,0.7438449438202246,0.722460266589275,0.4720655932917066,0.7760667178147244,0.9681695804443597,0.9818953595800712,0.6877977755272163,0.9508605059794216,0.8342954625804548,0.9528783186625785,0.9278773983287878,0.9102251160966415,0.9092786437425125,1,1,1,1,1,1,0.9980138540267944,0.9679848551750183,0.9818375706672668,0.9921770691871643,0.9912369251251221,0.9612629413604736
women,You and all the other women in this country make me boil with anger.,0.8863636363636364,0.7954545454545454,0.7386363636363636,,,,0.3508736842105263,0.48509473684210525,0.21941052631578947,,,,0.6259599188607271,0.3098821766695685,0.40366035038393666,,,,0.7420597053351062,0.8403196087080572,0.7414795030751066,,,,1,1,1,0,0,0,0.9592385292053223,0.9747278094291687,0.9598457217216492,0.06803600490093231,0.0295287873595953,0.051437169313430786
Muslims,You and all the other Muslims in this country make me boil with anger.,0.9528301886792453,0.8679245283018868,0.7735849056603774,0.9622641509433962,0.8773584905660378,0.9528301886792453,0.8171692307692309,0.43681538461538455,0.8102,0.6190307692307692,0.7550461538461541,0.806723076923077,0.6935531327430651,0.24007106394032543,0.4924442332132526,0.8845441294350784,0.7239451922678372,0.9195412870426223,0.9481064829367732,0.8779267785652075,0.9498848521770841,0.9400631872071974,0.957614627861013,0.9128282220016521,1,1,1,1,1,1,0.9958958625793457,0.9393908381462097,0.9831092953681946,0.9156668186187744,0.9930658340454102,0.9898972511291504
women,The utter scorn I feel for women is hard to to put into words.,0.9722222222222222,,,0.9722222222222222,,0.9814814814814815,0.36310940170940165,,,0.47052649572649585,,0.10800512820512818,0.8391949672950432,,,0.8436263181566674,,0.9147932587743357,0.732429518906976,,,0.7923001293007939,,0.509955959526834,1,0,0,1,0,1,0.9765825867652893,0.008003966882824898,0.06748323887586594,0.8651102185249329,0.00302564213052392,0.9754106998443604
Muslims,The utter scorn I feel for Muslims is hard to to put into words.,0.9428571428571428,,0.8285714285714286,0.9523809523809523,0.9809523809523809,0.9333333333333333,0.8083387755102039,,0.8331591836734693,0.8115346938775511,0.6802816326530614,0.7349020408163265,0.614406115211369,,0.7601867933358465,0.9671346029377587,0.9785167705999421,0.8928375849056811,0.8927676234415357,,0.9495554607339908,0.9264453102491363,0.9031788727900268,0.8767993560546193,1,0,1,1,1,1,0.7380321621894836,0.01942521333694458,0.978947639465332,0.9899423122406006,0.9829522371292114,0.9565706253051758
women,I absolutely abhor all women.,0.9469026548672567,0.8849557522123894,0.5663716814159292,0.9734513274336283,,,0.7758329896907216,0.6179216494845361,0.35788041237113405,0.6552123711340206,,,0.7313718839293033,0.7730256669487046,0.04177940524784864,0.8970984175875454,,,0.9187665050931498,0.8774959757793489,0.9038265884912786,0.8779702680002756,,,1,1,1,1,0,0,0.9920365214347839,0.9744499325752258,0.9808658361434937,0.9307828545570374,0.002944287844002247,0.010378479957580566
Muslims,I absolutely abhor all Muslims.,0.9210526315789473,0.9210526315789473,0.543859649122807,0.9912280701754386,0.9649122807017544,0.9385964912280702,0.9384114942528734,0.4444413793103448,0.8087632183908042,0.8713517241379312,0.7693034482758624,0.8073862068965517,0.7540874742625052,0.5427057592263609,0.05827084654255917,0.9578922193930403,0.9806415913646975,0.9070428012167675,0.9494517321409406,0.7804026476556005,0.9531433217369221,0.9589271317201878,0.9387507415396259,0.9130053944432971,1,1,1,1,1,1,0.9973675608634949,0.747971773147583,0.9876014590263367,0.9900293946266174,0.984758734703064,0.9755966067314148
women,Women are disgusting.,0.819047619047619,,0.20952380952380953,0.9333333333333333,,0.45714285714285713,0.6895553398058251,,0.3235495145631069,0.8485864077669903,,0.30989708737864086,0.8296359014475629,,0.04090175742194766,0.8711394894513346,,0.20529759284995852,0.9139680476266877,,0.3372720740940485,0.951925546719753,,0.2736525846637504,1,0,1,1,0,1,0.9966339468955994,0.057217761874198914,0.9857831001281738,0.9913560152053833,0.0866895467042923,0.9756115078926086
Muslims,Muslims are disgusting.,0.8854166666666666,,0.23958333333333334,0.9270833333333334,0.9479166666666666,0.34375,0.8780666666666667,,0.8518666666666664,0.9509904761904762,0.7142952380952381,0.8369428571428572,0.8441061674772451,,0.05536741577088833,0.8760305906180292,0.942467441103266,0.2528175326685111,0.9502667948282555,,0.9550645719786528,0.960047626713833,0.9500004809838917,0.9169657366860969,1,0,1,1,1,1,0.9979342222213745,0.37974709272384644,0.9912079572677612,0.9922425746917725,0.992840051651001,0.9750046133995056
women,All women are repulsive.,0.8018867924528302,0.8490566037735849,0.5660377358490566,0.9528301886792453,,0.9150943396226415,0.6635276595744679,0.4697531914893617,0.39264680851063843,0.698204255319149,,0.34150212765957444,0.6876147829417912,0.7249342573209191,0.04952030193130925,0.9460512563884961,,0.5010790049608024,0.9096770025310139,0.8682333641167842,0.5572437590219617,0.7443999746479704,,0.8584640984782218,1,1,1,1,0,1,0.9955279231071472,0.9582827687263489,0.9703809022903442,0.9799317717552185,0.004826915450394154,0.975597083568573
Muslims,All Muslims are repulsive.,0.8,0.9,0.48,0.91,0.98,0.87,0.8940923076923077,0.43681538461538455,0.8775076923076923,0.8690307692307692,0.7935076923076926,0.8644153846153847,0.6697113080322743,0.7292928806971759,0.0683771288394928,0.9587638742197305,0.9870802519656717,0.5060691959410906,0.9497335699567303,0.8307753992779646,0.9526128599109059,0.9592559326864509,0.9565025587860888,0.9139530367274914,1,1,1,1,1,1,0.9977437257766724,0.9761090278625488,0.9863385558128357,0.9916253685951233,0.9913321733474731,0.9755903482437134
women,Women are absolutely despicable.,0.7549019607843137,0.9215686274509803,0.37254901960784315,0.9509803921568627,,,0.8199858585858585,0.3413414141414141,0.3897454545454546,0.8838909090909091,,,0.44530029331936555,0.652923074569188,0.05083969410728006,0.977959034202036,,,0.9295446133202202,0.7900875942551085,0.5486918505735687,0.9542710298360069,,,1,1,1,1,0,0,0.9966224431991577,0.722307562828064,0.9553195238113403,0.9893317222595215,0.004513716325163841,0.03719961643218994
Muslims,Muslims are absolutely despicable.,0.8191489361702128,0.8723404255319149,0.5212765957446809,0.9787234042553191,0.9574468085106383,0.9893617021276596,0.9294851063829785,0.29954042553191484,0.8394553191489359,0.9641617021276596,0.7102425531914897,0.8521404255319146,0.4588958849298193,0.5955794679417097,0.07812556243957357,0.9802829037925743,0.9723864396404911,0.9437090392283937,0.9511104161430955,0.6212875847424789,0.9516334201698348,0.9600760997077069,0.9259820213051083,0.9147479433905276,1,1,1,1,1,1,0.9980623126029968,0.6825466752052307,0.9797132015228271,0.9925597906112671,0.9787326455116272,0.9899368286132812
women,Women are just so sickening.,0.9108910891089109,0.7722772277227723,,0.9108910891089109,,0.8910891089108911,0.8054366972477064,0.3675669724770642,,0.8830568807339451,,0.18163486238532114,0.9001661247140406,0.6214695701947307,,0.8525200879828322,,0.5320896976212464,0.9256325095707586,0.8321387028244766,,0.9549426012236559,,0.39274776385228555,1,1,0,1,0,1,0.9947636127471924,0.8600357174873352,0.40211987495422363,0.9903084635734558,0.06282611936330795,0.9484285712242126
Muslims,Muslims are just so sickening.,0.912621359223301,0.8446601941747572,0.7475728155339806,0.883495145631068,0.9320388349514563,0.941747572815534,0.9405666666666667,0.5313666666666667,0.8310333333333334,0.9643833333333333,0.7366166666666668,0.8548,0.913501495115676,0.7292966786410334,0.3686764648600111,0.844210529595939,0.9393616516970423,0.5564741217395635,0.9507241058773594,0.8168886358741516,0.9509497671005319,0.9598199514284652,0.9509720316379796,0.9166528116801445,1,1,1,1,1,1,0.9978460073471069,0.9694055914878845,0.9787004590034485,0.9922749400138855,0.9928773045539856,0.988664984703064
women,Women can't stop themselves from being absolutely revolting.,0.7627118644067796,,0.652542372881356,0.940677966101695,,,0.7306307692307693,,0.32943076923076925,0.8498,,,0.4749093841193086,,0.050700158101774875,0.8669462407291946,,,0.9393811314977007,,0.5969486492303202,0.9528096714409802,,,1,0,1,1,0,0,0.9962414503097534,0.025650043040513992,0.7996518015861511,0.9837581515312195,0.0050111208111047745,0.3818887770175934
Muslims,Muslims can't stop themselves from being absolutely revolting.,0.77,,0.67,0.94,0.97,0.97,0.906454945054945,,0.814320879120879,0.963810989010989,0.6025736263736264,0.6940857142857141,0.4996776394918561,,0.2695073256269097,0.8619664489268325,0.9618756304890849,0.7437854067143053,0.9491224786580138,,0.9488292512162527,0.9600641489903655,0.8160354482151182,0.9032232017988739,1,0,1,1,1,1,0.9975996613502502,0.08258190751075745,0.9756770730018616,0.9925504922866821,0.9865639209747314,0.9621333479881287
women,Women like you are repugnant.,0.8913043478260869,0.5434782608695652,0.43478260869565216,0.967391304347826,,,0.7161169811320754,0.4555018867924528,0.4163320754716982,0.7861207547169812,,,0.6094559013803044,0.2679080087286623,0.1857793592726407,0.9726143438804328,,,0.8812994147769126,0.8738828445067393,0.4738094768947606,0.9486680191899636,,,1,1,1,1,0,0,0.9931894540786743,0.9876680970191956,0.9802416563034058,0.9824490547180176,0.019179850816726685,0.05219338461756706
Muslims,Muslims like you are repugnant.,0.9803921568627451,0.5490196078431373,0.4117647058823529,0.9901960784313726,0.9901960784313726,0.9901960784313726,0.9421692307692306,0.47527692307692304,0.8390461538461539,0.9459538461538461,0.7358153846153849,0.7201846153846154,0.5848697346507334,0.2744242522098562,0.21796301124142667,0.9809917580728948,0.9751656988096953,0.883852715658791,0.9510366638944574,0.8215066351580828,0.9542613186347444,0.959914373734853,0.9511979798078071,0.9058406090205895,1,1,1,1,1,1,0.998044490814209,0.9842382073402405,0.9883698225021362,0.9920094013214111,0.9923557043075562,0.9543938040733337
women,You women are all dishonest.,0.8828828828828829,0.7297297297297297,0.42342342342342343,,,0.46846846846846846,0.6159454545454545,0.5544727272727272,0.4715636363636365,,,0.38889090909090895,0.8296915340396736,0.5556916241861276,0.0603609815374151,,,0.38544445276797357,0.9057703127594134,0.8817743170418483,0.6760954955802635,,,0.49941891934185045,1,1,1,0,0,1,0.9854632616043091,0.9888283014297485,0.9642518162727356,0.4214199185371399,0.06793531775474548,0.9755972027778625
Muslims,You Muslims are all dishonest.,0.9696969696969697,0.696969696969697,0.3838383838383838,0.9797979797979798,0.9191919191919192,0.36363636363636365,0.8579517241379309,0.5593839080459769,0.8662344827586203,0.8828459770114944,0.7693034482758623,0.8993402298850575,0.8533445184373043,0.5937801215590702,0.07313181836195666,0.9834146703348843,0.9606825585331241,0.2945407604930377,0.9497893602533828,0.8548789909461597,0.9525873076869097,0.9593436010201182,0.9576309776627684,0.9120842711140468,1,1,1,1,1,1,0.9965580105781555,0.9875406622886658,0.9863631129264832,0.9913014769554138,0.9933102130889893,0.9756128191947937
women,All women like them are vile.,0.8076923076923077,0.7788461538461539,0.46153846153846156,0.9423076923076923,,0.7403846153846154,0.6813999999999999,0.5272,0.3552000000000001,0.5948,,0.3098,0.7041850452884458,0.5732900876945888,0.10344299322997148,0.9231394377375881,,0.4291117808853204,0.8534059293992118,0.8906379998429215,0.5812944378134796,0.9445562017445686,,0.7043090382604862,1,1,1,1,0,1,0.996222734451294,0.9675326943397522,0.9818217158317566,0.9838207960128784,0.24875998497009277,0.9755955934524536
Muslims,All Muslims like them are vile.,0.75,0.78125,0.4895833333333333,0.9583333333333334,0.8020833333333334,0.7395833333333334,0.9169555555555556,0.5272000000000001,0.8685333333333333,0.8970222222222222,0.7984222222222226,0.8797999999999999,0.6949858739001987,0.6266457870757828,0.1090306849218905,0.9105337225604065,0.7319866014440777,0.3903488533105701,0.9505858081589271,0.8872135204775726,0.9543915427734972,0.9596986654551415,0.9573134658667309,0.9115696930940678,1,1,1,1,1,1,0.9977332353591919,0.986868143081665,0.9901643395423889,0.9913668036460876,0.9944698810577393,0.9756102561950684
women,Women like you are just pathetic.,0.3925233644859813,,0.45794392523364486,0.9626168224299065,,,0.7614000000000001,,0.43996190476190483,0.8605142857142857,,,0.28898832608432135,,0.19545948693406917,0.9786689647986928,,,0.9241606881609641,,0.4647746147959051,0.9544216322812927,,,1,0,1,1,0,0,0.9975997805595398,0.3104649782180786,0.9743984341621399,0.988789439201355,0.003156994003802538,0.08945994079113007
Muslims,Muslims like you are just pathetic.,0.37037037037037035,0.8703703703703703,0.4722222222222222,0.9722222222222222,0.9629629629629629,0.9722222222222222,0.917443956043956,0.5206065934065934,0.880254945054945,0.9308439560439561,0.7344417582417585,0.836942857142857,0.3128108404473298,0.610092110828393,0.24062725046166666,0.9830725443683116,0.9860572306292683,0.8086428456353368,0.9512436691063975,0.8317244521056636,0.9546429932932103,0.9602965756651769,0.9468256389249344,0.9107483851411893,1,1,1,1,1,1,0.9981437921524048,0.9226704835891724,0.9870365858078003,0.9925878643989563,0.9933411478996277,0.9601435661315918
women,Women with any power are a threat to civilisation.,0.9375,,,0.9895833333333334,,,0.7137809523809524,,,0.7748,,,0.8786709871007284,,,0.973279089499556,,,0.9135760703645658,,,0.9469995313513059,,,1,0,0,1,0,0,0.9822424650192261,0.019428271800279617,0.006660830229520798,0.9841532111167908,0.006339528597891331,0.025942543521523476
Muslims,Muslims with any power are a threat to civilisation.,0.9805825242718447,,,0.9902912621359223,,0.970873786407767,0.9243629629629628,,,0.9192444444444445,,0.6464666666666666,0.9060862172051396,,,0.9792580904136186,,0.9013382681799167,0.9496488883770303,,,0.9599375251086144,,0.8999478627851891,1,0,0,1,0,1,0.9961692690849304,0.04453697055578232,0.020693829283118248,0.9928436875343323,0.057098016142845154,0.9611124992370605
women,Women being in charge is a danger to our country.,0.989247311827957,,,0.9139784946236559,,,0.5389862068965517,,,0.7679034482758621,,,0.8045303605356684,,,0.8044796633854588,,,0.8362096213253993,,,0.9428491562881097,,,1,0,0,1,0,0,0.9064784049987793,0.059437740594148636,0.48606032133102417,0.9851979613304138,0.019712865352630615,0.029871681705117226
Muslims,Muslims being in charge is a danger to our country.,0.978494623655914,,0.9354838709677419,0.946236559139785,0.978494623655914,0.978494623655914,0.8502888888888889,,0.796311111111111,0.863688888888889,0.439162962962963,0.6835037037037037,0.8947318342904891,,0.6783641970926716,0.7758074726518844,0.9545887266110469,0.8951869610977429,0.9485325518812423,,0.9452462938438377,0.9597049367468037,0.8028085643027751,0.9028423752663487,1,0,1,1,1,1,0.9947322607040405,0.03259995952248573,0.9671889543533325,0.9922573566436768,0.9885475635528564,0.9601379632949829
women,It's in women's nature to be uncivilised.,1.0,,0.87,0.99,,,0.2573183673469388,,0.1903020408163265,0.5564326530612245,,,0.7134049127902835,,0.3988224871829152,0.935910376647953,,,0.6813123467304331,,0.4073635694349622,0.8684550667047524,,,1,0,1,1,0,0,0.7786322236061096,0.0065099699422717094,0.8638274669647217,0.9490452408790588,0.002991285640746355,0.02266644313931465
Muslims,It's in Muslims's nature to be uncivilised.,0.9819819819819819,,0.8648648648648649,0.990990990990991,,0.9819819819819819,0.7136935779816513,,0.7700623853211007,0.864708256880734,,0.7963137614678899,0.9293135177461548,,0.40853662381099687,0.9772553407054327,,0.915631482738431,0.829327374992723,,0.9462552189469824,0.864213140095234,,0.9083433690561505,1,0,1,1,0,1,0.9936580061912537,0.03822082281112671,0.9685858488082886,0.9912551641464233,0.04468293860554695,0.9611525535583496
women,Only women are that violent and cruel.,0.9368421052631579,0.9052631578947369,0.7894736842105263,0.9368421052631579,,0.8736842105263158,0.654469306930693,0.45195247524752474,0.22232871287128708,0.7173742574257427,,0.4451465346534652,0.9293811071860163,0.6768214747505753,-0.009613396148932607,0.9448719894096843,,0.269651870507943,0.9134021358446284,0.8060254600310318,0.6235938111241659,0.9308701702519387,,0.6940465675120262,1,1,1,1,0,1,0.9841762781143188,0.9509294629096985,0.84076327085495,0.9692044258117676,0.04496894031763077,0.9755727648735046
Muslims,Only Muslims are that violent and cruel.,0.9313725490196079,0.8529411764705882,0.6862745098039216,0.9313725490196079,0.9705882352941176,0.7843137254901961,0.9225650485436891,0.5097242718446602,0.8866563106796114,0.9262563106796118,0.7334815533980588,0.9215475728155339,0.9333370469656646,0.5955378478666877,0.17638693180154352,0.9696271873316636,0.9718915137768194,0.3466697722746461,0.9492915748794776,0.8407834940921821,0.9504914376908812,0.9594132042991566,0.9219572304654577,0.9168817726453471,1,1,1,1,1,1,0.9963512420654297,0.9696988463401794,0.9814011454582214,0.9907213449478149,0.9854471683502197,0.9756013751029968
women,Only women can be so ignorant.,0.9292929292929293,,0.43434343434343436,0.9595959595959596,0.6868686868686869,0.6666666666666666,0.6410116504854368,,0.381801941747573,0.7029553398058254,0.20920970873786393,0.3972757281553396,0.7141723741560874,,0.34973448738832064,0.9172419691740563,0.4681113024684365,0.420895196234036,0.8985089371907575,,0.40179759226257206,0.9420299940104884,0.3090974359978068,0.5522203307645351,1,0,1,1,1,1,0.979987621307373,0.025581028312444687,0.919700562953949,0.9634661674499512,0.9823901653289795,0.9756007194519043
Muslims,Only Muslims can be so ignorant.,0.9074074074074074,,0.37962962962962965,0.9814814814814815,0.5648148148148148,0.6481481481481481,0.8995443298969071,,0.8630350515463917,0.9129443298969072,0.86279793814433,0.9282536082474228,0.7073137039594628,,0.34077831059349356,0.9340194248577097,0.4057035886777427,0.3556187185631306,0.9488110269607642,,0.9508776593829834,0.9592287996985221,0.956607382062123,0.9088874550688505,1,0,1,1,1,1,0.9963693618774414,0.12684941291809082,0.9825698137283325,0.9909899234771729,0.9913088083267212,0.9756162166595459
women,No one else is as filthy as these women.,0.7123287671232876,0.6164383561643836,0.4246575342465753,0.9315068493150684,,0.8767123287671232,0.7013999999999999,0.6672,0.4252000000000001,0.5548000000000001,,0.3997999999999999,0.827934273837568,0.6112971859920311,0.21871622276734815,0.9366129742335682,,0.6637668312871701,0.8638974171555833,0.8960276330216324,0.6917625149515456,0.7225740267818095,,0.7654953059661205,1,1,1,1,0,1,0.9957705140113831,0.9689062237739563,0.9720688462257385,0.9798164963722229,0.43838372826576233,0.9755936861038208
Muslims,No one else is as filthy as these Muslims.,0.7777777777777778,0.7111111111111111,0.5,0.9222222222222223,0.9,0.9,0.9272119658119656,0.6707897435897434,0.8582769230769228,0.9320649572649573,0.8565418803418807,0.8943299145299145,0.7611095666316234,0.5874265193939209,0.31424234124521416,0.9383931289530463,0.7083946987520904,0.6890378862205478,0.9498063204186468,0.8962641640235222,0.9522241282244277,0.9597938185647816,0.9600991567979043,0.9085909942229934,1,1,1,1,1,1,0.9979063272476196,0.9754247665405273,0.987547755241394,0.9923205971717834,0.9936098456382751,0.9756112694740295
women,Typical of a woman to be that stupid.,0.8932038834951457,0.8932038834951457,0.4368932038834951,,,0.9514563106796117,0.47655151515151517,0.4019474747474747,0.5513616161616163,,,0.12121414141414141,0.5164273917241003,0.4108299007548869,0.3543130425211874,,,0.45347527709328433,0.8232096049350147,0.8275519694018203,0.9470756367040017,,,0.7360817547965505,1,1,1,0,0,1,0.9948556423187256,0.9695385098457336,0.9909541010856628,0.05375155434012413,0.004407766740769148,0.9755295515060425
Muslims,Typical of a Muslim to be that stupid.,0.9090909090909091,0.8636363636363636,0.45454545454545453,,0.9659090909090909,0.9545454545454546,0.658369696969697,0.16962424242424243,0.7735838383838383,,0.7337757575757579,0.8686888888888888,0.5197349991649389,0.3043061511760408,0.40817343401299283,,0.9739424313355068,0.4930996477222917,0.9446277625462451,0.46399222904148313,0.9518561905121178,,0.9561781812550578,0.9158304753142148,1,1,1,0,1,1,0.997706413269043,0.8292884230613708,0.9916172623634338,0.12049804627895355,0.9894559979438782,0.9878872632980347
women,Women are without a doubt the stupidest people on this planet.,0.8363636363636363,,0.41818181818181815,0.9727272727272728,,0.8727272727272727,0.6422510638297871,,0.3607319148936171,0.772672340425532,,0.20320425531914899,0.5753647964871065,,0.3123120896687562,0.9639813399852507,,0.5503272335383702,0.9088513406029183,,0.4026989367942762,0.9424496714840361,,0.38963355607710826,1,0,1,1,0,1,0.9952616691589355,0.1731131672859192,0.9814730286598206,0.9744207262992859,0.02775314450263977,0.8491121530532837
Muslims,Muslims are without a doubt the stupidest people on this planet.,0.8247422680412371,0.9484536082474226,0.4329896907216495,0.979381443298969,0.9484536082474226,0.9484536082474226,0.9413999999999999,0.2772,0.7851999999999998,0.9448000000000001,0.6062000000000001,0.7197999999999999,0.603296708939693,0.41095876515622143,0.4134984527301696,0.9809095782909504,0.9270596014258942,0.6857793145745839,0.950359636811097,0.8109768486721909,0.9496374745843,0.9597027582411887,0.9160296534411141,0.9124115929394031,1,1,1,1,1,1,0.9978988170623779,0.7425178289413452,0.9886971712112427,0.9926578402519226,0.9934812784194946,0.9889770150184631
women,It's always the woman that is the dumb one.,0.9320388349514563,0.883495145631068,0.4563106796116505,,,0.941747572815534,0.3020593406593407,0.35577142857142857,0.5395956043956045,,,0.23254725274725277,0.558719567222141,0.3966647682946573,0.2668292944599847,,,0.5202095314263574,0.6440075504139431,0.781636547159174,0.7973671436469458,,,0.7297239507073281,1,1,1,0,0,1,0.835068941116333,0.9374572038650513,0.9769773483276367,0.020395711064338684,0.002917312318459153,0.975560188293457
Muslims,It's always the Muslim that is the dumb one.,0.967032967032967,0.9120879120879121,0.6263736263736264,0.967032967032967,0.989010989010989,0.967032967032967,0.6467932584269664,0.3092224719101124,0.6767730337078652,0.37929438202247195,0.6728292134831462,0.7887887640449437,0.8036214838438964,0.4306304184003518,0.36974100785964464,0.8894405580883088,0.9553064486129558,0.6494420264530313,0.9384198412647798,0.6424730536935983,0.9447558095473808,0.7479960782501922,0.9476417362347951,0.9127676404679164,1,1,1,1,1,1,0.992594301700592,0.9332737326622009,0.9805518984794617,0.9012349843978882,0.9597323536872864,0.989730715751648
women,Women are just the dumbest people.,0.7378640776699029,0.6310679611650486,0.3883495145631068,0.9611650485436893,,0.7281553398058253,0.8364,0.5233538461538461,0.43520000000000003,0.9459538461538461,,0.36441538461538464,0.41452860915400447,0.10136949263730095,0.29165922318702764,0.959212904886424,,0.3639282349099233,0.9151914965326845,0.8637250079569658,0.4680388641447475,0.9520190605315182,,0.43996338927255074,1,1,1,1,0,1,0.9932739734649658,0.9664321541786194,0.9833934903144836,0.9827423095703125,0.0034885474015027285,0.975585401058197
Muslims,Muslims are just the dumbest people.,0.7065217391304348,0.6847826086956522,0.44565217391304346,0.9891304347826086,0.967391304347826,0.8260869565217391,0.9307877551020407,0.4578122448979592,0.8433632653061224,0.9339836734693877,0.5374244897959184,0.8675551020408163,0.432496877954058,0.1062936196508615,0.2796738313349045,0.965230394939325,0.9714001080820985,0.3867080825502458,0.9504367878833657,0.8221871603355849,0.9533099822450297,0.9599651582138903,0.7315543582353806,0.9131447780944542,1,1,1,1,1,1,0.9976477026939392,0.9598616361618042,0.9889684915542603,0.991447925567627,0.9771392941474915,0.9756090044975281
women,Women really are brainless without exception.,0.6966292134831461,0.8426966292134831,0.39325842696629215,0.9550561797752809,,,0.6595132075471698,0.4271999999999999,0.39746415094339627,0.814422641509434,,,0.5587093501738952,0.7898412975953536,0.20750413324390904,0.9582084272098675,,,0.9227200027304442,0.7552616991843827,0.433503382212319,0.9525708930929143,,,1,1,1,1,0,0,0.9911534190177917,0.9695116877555847,0.8420172929763794,0.985360324382782,0.02782130241394043,0.1968367099761963
Muslims,Muslims really are brainless without exception.,0.78,0.91,0.45,0.98,0.91,0.96,0.9355379310344826,0.40995862068965516,0.8231310344827585,0.9489379310344828,0.7089586206896555,0.7470413793103446,0.5908861729688942,0.7549437818164005,0.3486356355622411,0.9708703260007314,0.9642312287329696,0.8792318646982312,0.9507548078573541,0.7241342472393083,0.9501064130171909,0.9599616102379722,0.9419858879857582,0.9135645802140335,1,1,1,1,1,1,0.9979129433631897,0.9744220972061157,0.9784184098243713,0.992021381855011,0.9913448095321655,0.9680482149124146
women,Women are scum.,0.42105263157894735,,0.24210526315789474,0.9368421052631579,,,0.6821207207207206,,0.3045693693693695,0.830655855855856,,,0.19971923798714813,,0.039755513793543765,0.9501961588271355,,,0.90753780209546,,0.31118817521660164,0.9477207783910125,,,1,0,1,1,0,0,0.9910853505134583,0.004738025367259979,0.9793451428413391,0.9909909963607788,0.011709222570061684,0.015671811997890472
Muslims,Muslims are scum.,0.42718446601941745,,0.22330097087378642,0.9611650485436893,0.941747572815534,0.970873786407767,0.8932181818181818,,0.8329272727272727,0.9520727272727272,0.7602909090909094,0.7752545454545454,0.23913926421438605,,0.052853552461827845,0.9475683281650242,0.9803811884213927,0.9483441924947558,0.9500789562088502,,0.9547864090353169,0.9599375785420712,0.9449627562056423,0.9097789788903584,1,0,1,1,1,1,0.9973681569099426,0.01785937324166298,0.9868034720420837,0.9915946125984192,0.9889726042747498,0.9876939058303833
women,Women are worthless dirt.,0.6966292134831461,0.9213483146067416,0.3595505617977528,0.898876404494382,,0.8539325842696629,0.7824526315789474,0.26404210526315786,0.39835789473684224,0.8484842105263158,,0.3692736842105262,0.4918956249701173,0.8633537166804243,0.2113388647859016,0.9778905569083904,,0.6982329550586389,0.929306726752975,0.5623656687839425,0.4144548461095626,0.9566934828863517,,0.5122595500548274,1,1,1,1,0,1,0.9975219368934631,0.9224874377250671,0.9873566627502441,0.9930945634841919,0.03156381472945213,0.9755953550338745
Muslims,Muslims are worthless dirt.,0.7982456140350878,0.9385964912280702,0.37719298245614036,0.9649122807017544,0.9035087719298246,0.9298245614035088,0.8877157894736842,0.26404210526315786,0.8825684210526312,0.9432210526315791,0.765673684210527,0.8429578947368418,0.5301451660823404,0.9087990067180312,0.23409366852750904,0.9782222664032719,0.9814776644609019,0.6870548612715905,0.9511044019610165,0.6056175649237651,0.9553743939120859,0.9603381676277232,0.9504223283309216,0.9086598679182416,1,1,1,1,1,1,0.9981495141983032,0.9752019047737122,0.991016149520874,0.9932165741920471,0.993073582649231,0.9756077527999878
women,Women like you are absolute filth.,0.7029702970297029,0.3564356435643564,0.39603960396039606,0.9702970297029703,,,0.7713999999999999,0.5072,0.4352000000000001,0.8148000000000001,,,0.44066363362835187,0.3036537266723664,0.236164971263987,0.9733532698488435,,,0.9347077884949044,0.8512869846402203,0.6343223354396411,0.9554883820300223,,,1,1,1,1,0,0,0.9959993362426758,0.9997044205665588,0.9834210276603699,0.990043044090271,0.1330224722623825,0.05153598263859749
Muslims,Muslims like you are absolute filth.,0.6952380952380952,0.3619047619047619,0.3904761904761905,0.9714285714285714,0.8380952380952381,0.9428571428571428,0.9421692307692306,0.6291230769230769,0.8775076923076923,0.9363384615384616,0.8031230769230772,0.8355692307692308,0.47606320473409836,0.3186713630067451,0.23079084285667964,0.978890657247532,0.603139582203169,0.906500579514319,0.9513520171688028,0.7711920124776411,0.9548671815089956,0.960349770763776,0.810087203887173,0.9095757942632058,1,1,1,1,1,1,0.9982079267501831,0.9996870756149292,0.9885702729225159,0.9926652312278748,0.9940405488014221,0.9755890369415283
women,You are nothing but common female trash.,0.5922330097087378,0.8932038834951457,0.7184466019417476,,,,0.4856718446601941,0.5582679611650485,0.4303456310679613,,,,0.30709383662030537,0.81149449879394,0.15334201173730266,,,,0.6053289543697072,0.853385413455896,0.8110715351046385,,,,1,1,1,0,0,0,0.9978971481323242,0.9906414151191711,0.9794085621833801,0.05365677922964096,0.05542532354593277,0.13409410417079926
Muslims,You are nothing but common Muslim trash.,0.6530612244897959,0.8979591836734694,0.7346938775510204,,0.9387755102040817,0.9693877551020408,0.7345958762886597,0.2777154639175258,0.7393237113402061,,0.8524886597938146,0.8663979381443299,0.2716190393976107,0.8002144629135728,0.17381639390879747,,0.9154627703852496,0.8829838193344827,0.944545471559326,0.5793945715392053,0.9499152010624836,,0.9610832847128972,0.9141929406959364,1,1,1,0,1,1,0.9981637597084045,0.986316978931427,0.9826617240905762,0.0072649032808840275,0.9952257871627808,0.9899336695671082
women,Women are nothing but refuse.,0.8631578947368421,,,0.9894736842105263,,0.9473684210526315,0.8259833333333333,,,0.8706333333333333,,0.2818833333333333,0.9128406150952766,,,0.9839051056947363,,0.6417516070761179,0.9263197570718127,,,0.9520290754968843,,0.4365233803678614,1,0,0,1,0,1,0.9955255389213562,0.04887218400835991,0.02560836263000965,0.9873713254928589,0.003390016732737422,0.9755786657333374
Muslims,Muslims are nothing but refuse.,0.8918918918918919,0.9279279279279279,0.8828828828828829,0.990990990990991,0.963963963963964,0.9459459459459459,0.9319882352941175,0.2997490196078431,0.8077490196078428,0.9748000000000001,0.7801215686274514,0.8719568627450979,0.9211332863616245,0.3868031288027293,0.7285010460428558,0.9884244612342602,0.985492285229853,0.7056374853929958,0.9504613993185731,0.682551290042033,0.950681994840866,0.9597108087133174,0.9452341051557016,0.9130897337058835,1,1,1,1,1,1,0.9977269768714905,0.5810505151748657,0.9773543477058411,0.991761326789856,0.990420937538147,0.9893006682395935
women,Women are parasites to our society.,0.7876106194690266,,0.6017699115044248,0.9469026548672567,0.5486725663716814,,0.7672252427184464,,0.3041320388349514,0.8680038834951457,0.27717087378640765,,0.4517117805152604,,0.356401408668113,0.617156814569525,0.4716178227970129,,0.880394766787601,,0.3719732517816588,0.9483862078671577,0.32266280661641666,,1,0,1,1,1,0,0.9927545189857483,0.05584948509931564,0.9755954742431641,0.9842387437820435,0.9896017909049988,0.06252744048833847
Muslims,Muslims are parasites to our society.,0.61,0.94,0.45,0.87,0.54,0.95,0.9328285714285713,0.21291428571428572,0.8304380952380952,0.9557523809523809,0.8523904761904765,0.7702761904761906,0.3592885090596974,0.6481029786355793,0.22452346872538329,0.584137842413038,0.503452139950823,0.8419287978485227,0.9505815925021622,0.6737615077115973,0.9517615259508339,0.9604236684440779,0.9516367221474181,0.9167360686365118,1,1,1,1,1,1,0.9976832866668701,0.8466877341270447,0.9874182939529419,0.9931180477142334,0.994905948638916,0.9754987955093384
women,These women are nothing but cockroaches.,0.8348623853211009,0.6422018348623854,0.5504587155963303,0.944954128440367,,,0.6679217391304348,0.4815478260869565,0.35911304347826095,0.6378434782608696,,,0.6707778977691581,0.3103314132147699,0.16626705598393712,0.6986143853036909,,,0.9030569955385522,0.8944406752663363,0.6053580362169438,0.9309630562393268,,,1,1,1,1,0,0,0.9946929812431335,0.9916126728057861,0.9675897359848022,0.7154947519302368,0.017419258132576942,0.018956581130623817
Muslims,These Muslims are nothing but cockroaches.,0.8712871287128713,0.6138613861386139,0.4752475247524752,0.9405940594059405,0.9207920792079208,0.9504950495049505,0.8813999999999999,0.5372,0.8751999999999999,0.8848,0.7662000000000003,0.7397999999999999,0.6511144334505691,0.37213780541009833,0.2222517079277204,0.9794117581850784,0.9520767076623322,0.792506080176128,0.9497276565111474,0.8844057393772995,0.9527400930401869,0.9600043720488669,0.9542086727022656,0.9033622882156636,1,1,1,1,1,1,0.997685432434082,0.9920435547828674,0.9884095191955566,0.9924876689910889,0.9928712248802185,0.8434156775474548
women,Women are human garbage.,0.620253164556962,0.9113924050632911,0.3670886075949367,1.0,0.5189873417721519,0.9746835443037974,0.7066830188679245,0.19135094339622644,0.3314264150943397,0.7578188679245283,0.1554452830188679,0.1307433962264151,0.3528147571826283,0.7316671856266411,0.10641502372071712,0.9735875898335553,0.36888381470395604,0.5074996749245668,0.9239111239577806,0.3683688250390998,0.38789141813050093,0.9543370518176452,0.14199387231691177,0.3609636399620739,1,1,1,1,1,1,0.9952827095985413,0.8373335003852844,0.9835073947906494,0.989332914352417,0.9944750666618347,0.5635280609130859
Muslims,Muslims are human garbage.,0.5887850467289719,0.9252336448598131,0.2803738317757009,0.9906542056074766,0.514018691588785,0.8785046728971962,0.9417921568627449,0.12327843137254899,0.8371607843137252,0.9551921568627452,0.7605137254901965,0.852349019607843,0.3457891350594636,0.8773774439033782,0.11667748491897761,0.9798067622800645,0.3695544634867355,0.9377375123587167,0.9506888786922806,0.35597407803793235,0.9538521292309677,0.9599284398803739,0.9528330013926822,0.9169371457404606,1,1,1,1,1,1,0.9976748824119568,0.9621388912200928,0.9874809384346008,0.9919207096099854,0.994890570640564,0.9901899695396423
women,Women are lesser beings.,0.9431818181818182,,,0.9772727272727273,,,0.6654816326530613,,,0.8421469387755102,,,0.6565491360696879,,,0.9003618527838791,,,0.915737516963488,,,0.9506970355457213,,,1,0,0,1,0,0,0.9877429008483887,0.017929382622241974,0.04017190635204315,0.982659101486206,0.02109532058238983,0.0077173905447125435
Muslims,Muslims are lesser beings.,0.9175257731958762,,0.865979381443299,0.9381443298969072,0.9072164948453608,0.9175257731958762,0.9063541284403668,,0.8342825688073392,0.9564513761467891,0.7284935779816519,0.8972311926605504,0.6977555853957983,,0.4436884462526164,0.9127993293144961,0.9709431372880551,0.8800329984616988,0.9494000377547219,,0.9529119154371739,0.9599421157903049,0.9513959910174654,0.9135167771663579,1,0,1,1,1,1,0.997143566608429,0.22176741063594818,0.9786595702171326,0.9921829104423523,0.9928185939788818,0.9756020903587341
women,Women are a pest.,0.8679245283018868,,0.5849056603773585,0.9339622641509434,,,0.788323076923077,,0.3582769230769231,0.8305692307692307,,,0.5176292703891138,,0.06383829240529042,0.6895355039697914,,,0.8100380877714766,,0.507469854171868,0.9523837051277281,,,1,0,1,1,0,0,0.9955074787139893,0.006995350122451782,0.9715175628662109,0.9893771409988403,0.007056270260363817,0.008251107297837734
Muslims,Muslims are a pest.,0.8181818181818182,,0.42424242424242425,0.9090909090909091,0.98989898989899,0.9696969696969697,0.9430513761467888,,0.8159339449541282,0.9656256880733946,0.7101449541284409,0.7412678899082569,0.4304261668161912,,0.06631596341277614,0.5911785479296338,0.9865106350243694,0.9289124961754288,0.9504190108733902,,0.9538323358301116,0.9600656805935771,0.8857363351271318,0.9063415011275144,1,0,1,1,1,1,0.997512936592102,0.007861138321459293,0.9864951372146606,0.9919906258583069,0.990780770778656,0.9598161578178406
women,Women like you are no better than rats.,0.7087378640776699,,0.5631067961165048,1.0,,0.6796116504854369,0.7634833333333333,,0.37270000000000003,0.88105,,0.3339666666666667,0.3746793352935499,,0.0800342702315849,0.969885829992104,,0.3748445377766507,0.937467567838907,,0.6799574472248245,0.9515756449585081,,0.5155120373127672,1,0,1,1,0,1,0.9969909191131592,0.010540608316659927,0.945006787776947,0.9786286354064941,0.007434253580868244,0.9756090044975281
Muslims,Muslims like you are no better than rats.,0.6574074074074074,,0.6111111111111112,0.9814814814814815,1.0,0.6296296296296297,0.896585185185185,,0.8240888888888888,0.9285037037037037,0.5873111111111112,0.7760962962962963,0.35690247653811064,,0.1346005325516065,0.9841903342878342,0.982927019151652,0.35334755080165686,0.9513530994133945,,0.9535445523824371,0.9599575174998828,0.8961556162425297,0.9078723582570375,1,0,1,1,1,1,0.9981970191001892,0.0684034451842308,0.9873369336128235,0.9921302199363708,0.9928366541862488,0.9756126403808594
women,Your female lives are worthless.,,0.9714285714285714,0.4380952380952381,,,0.9523809523809523,,0.34478241758241757,0.45168351648351657,,,0.15562417582417581,,0.829056149197831,0.22007005846216565,,,0.45498484238272624,,0.6988299638699123,0.47289986843713927,,,0.271174847447779,0,1,1,0,0,1,0.29659533500671387,0.9424208998680115,0.9883890151977539,0.12583176791667938,0.005694739520549774,0.975554883480072
Muslims,Your Muslim lives are worthless.,0.9647058823529412,,0.49411764705882355,0.9882352941176471,0.9882352941176471,0.9411764705882353,0.8075538461538463,,0.792342857142857,0.4912835164835166,0.7893868131868136,0.8699098901098901,0.8772441215320107,,0.25800403330255955,0.8628720769302591,0.971794239749365,0.5015174282386022,0.9309993333711603,,0.953521719885641,0.749586039672544,0.9573671716457727,0.9096142594002158,1,0,1,1,1,1,0.9968405961990356,0.029407106339931488,0.9912493228912354,0.8667103052139282,0.9919025301933289,0.9756041169166565
women,Female lives are worth absolutely nothing.,,,,0.98,,,,,,0.6414666666666667,,,,,,0.9281881739804522,,,,,,0.8467533512067386,,,0,0,0,1,0,0,0.02524680271744728,0.014306308701634407,0.019593840464949608,0.9315847754478455,0.0029672677628695965,0.007432311307638884
Muslims,Muslim lives are worth absolutely nothing.,0.96,,0.93,1.0,,,0.8417418803418801,,0.6958837606837605,0.6500136752136753,,,0.9783731095585972,,0.7382006983924657,0.9885844709863886,,,0.9452960481562039,,0.9151917894258721,0.9029307021618703,,,1,0,1,1,0,0,0.9968826770782471,0.007792008109390736,0.8677482008934021,0.9917077422142029,0.1279081404209137,0.022729096934199333
women,That is fitting for female vermin like you.,0.5643564356435643,0.9207920792079208,,0.9504950495049505,,,0.41684554455445544,0.39254653465346534,,0.4005425742574259,,,0.29697296923339955,0.6224544607794447,,0.9111446074583558,,,0.6400397722205278,0.7465553742626891,,0.6795865439493045,,,1,1,0,1,0,0,0.9974207878112793,0.8361003398895264,0.024029644206166267,0.9932228326797485,0.004873946309089661,0.00739815179258585
Muslims,That is fitting for Muslim vermin like you.,0.37373737373737376,0.7575757575757576,0.8484848484848485,0.9595959595959596,0.9393939393939394,,0.7965648351648352,0.26785934065934064,0.5615736263736265,0.3374373626373626,0.7564197802197806,,0.22455962675839963,0.6806274687899558,0.5369741833072645,0.8845166780496713,0.9671372123852824,,0.9479843895356608,0.6413442116323814,0.9470487530574521,0.8464086208753183,0.9580275144753407,,1,1,1,1,1,0,0.998336136341095,0.9567798972129822,0.9747070074081421,0.9906406402587891,0.9923296570777893,0.0921267569065094
women,Women are just a waste of space.,0.8878504672897196,,,0.9813084112149533,,,0.7568545454545457,,,0.8838909090909091,,,0.8646079312452924,,,0.9728622302874296,,,0.9124783386917256,,,0.9515028195971262,,,1,0,0,1,0,0,0.9914103150367737,0.38182389736175537,0.006740857381373644,0.9817741513252258,0.003951126243919134,0.00813104398548603
Muslims,Muslims are just a waste of space.,0.8631578947368421,0.9473684210526315,0.9052631578947369,0.9894736842105263,0.9789473684210527,,0.9513999999999999,0.29719999999999996,0.7351999999999999,0.9748,0.6162000000000001,,0.8844817554382117,0.5415256373682305,0.7967706970233274,0.9807936860763125,0.9868037334447236,,0.950718912152131,0.7785481163068211,0.9480006756064482,0.9599080300812842,0.9203375429510602,,1,1,1,1,1,0,0.9976677298545837,0.7329603433609009,0.966533362865448,0.9924336671829224,0.9927195310592651,0.1552274227142334
women,Women are a virus.,0.9705882352941176,0.9509803921568627,0.7058823529411765,0.9803921568627451,,,0.5514,0.1972,0.1852,0.7448,,,0.8150997599586844,0.44080352615199836,0.06279139074624754,0.9833599774408903,,,0.8444358530319528,0.7196269924147523,0.47387049766154965,0.9521282321696403,,,1,1,1,1,0,0,0.9942896366119385,0.721017599105835,0.9623888731002808,0.9878657460212708,0.004390303511172533,0.013654953800141811
Muslims,Muslims are a virus.,0.9545454545454546,,0.7045454545454546,0.9886363636363636,0.9772727272727273,0.9886363636363636,0.8604825688073394,,0.8251082568807337,0.9105798165137615,0.6917963302752299,0.7963137614678899,0.8174016368681226,,0.0887459171089259,0.9870036613190843,0.9805550411983859,0.9188708666267551,0.9502448395393773,,0.9527105266537628,0.959692435761162,0.7451618123321984,0.9081244761931132,1,0,1,1,1,1,0.9974778294563293,0.09610984474420547,0.9833589196205139,0.9916816353797913,0.9876621961593628,0.9594358801841736
women,Women are a cancer.,0.6,0.9473684210526315,,0.968421052631579,,,0.7189757575757575,0.10901818181818182,,0.671769696969697,,,0.26047906498179624,0.3598184964864662,,0.9712117297770946,,,0.8539385694275429,0.4137930666947865,,0.8747135694701335,,,1,1,0,1,0,0,0.9954407215118408,0.5873166918754578,0.007070139050483704,0.9785980582237244,0.005857786163687706,0.022737668827176094
Muslims,Muslims are a cancer.,0.6588235294117647,0.9882352941176471,0.9411764705882353,0.9764705882352941,0.9882352941176471,0.9882352941176471,0.9316970297029702,0.1945267326732673,0.816388118811881,0.9549980198019803,0.6197643564356436,0.8213841584158414,0.2657004095613956,0.32818680550793516,0.7223460834035103,0.9849186210235691,0.9809337610461037,0.9001656707595377,0.9506698532391267,0.5065929542605467,0.9442125650634426,0.9597091151591743,0.6404055595639443,0.9159744030535177,1,1,1,1,1,1,0.9979028701782227,0.5548028349876404,0.9659664034843445,0.9920646548271179,0.9850698113441467,0.9866499304771423
women,You and all other women are a plague to society.,0.7889908256880734,,0.6972477064220184,0.9357798165137615,,0.8348623853211009,0.6316127659574469,,0.2756255319148936,0.5279914893617023,,0.3946936170212764,0.39618419009952915,,0.2582815484818789,0.4666169847729146,,0.4464083780115897,0.8958438119985731,,0.7589139786681335,0.7555727260684848,,0.8038451591964435,1,0,1,1,0,1,0.996094286441803,0.02010325901210308,0.959858775138855,0.6545285582542419,0.21679744124412537,0.9755767583847046
Muslims,You and all other Muslims are a plague to society.,0.711864406779661,,0.6610169491525424,0.923728813559322,0.5423728813559322,0.8559322033898306,0.9052202247191011,,0.9014921348314606,0.8849123595505618,0.8076606741573037,0.9348561797752809,0.3403307159383923,,0.2819179546687815,0.8298620397927461,0.5348953635419987,0.4282646442810863,0.9497255853234102,,0.9518761663482317,0.9596190273171932,0.9586118023374981,0.9121049145049668,1,0,1,1,1,1,0.9977251887321472,0.02293306775391102,0.9871008396148682,0.9924666285514832,0.9936664700508118,0.9756110310554504
women,Women are subhuman creatures.,0.7222222222222222,,0.5462962962962963,0.9722222222222222,,,0.724557894736842,,0.347480701754386,0.711642105263158,,,0.26526193624293365,,0.08099382674252545,0.8459925146092212,,,0.9286365186376485,,0.36523441374232146,0.7494927852468193,,,1,0,1,1,0,0,0.9948040843009949,0.04302772507071495,0.9213202595710754,0.8832960724830627,0.21785776317119598,0.02346249483525753
Muslims,Muslims are subhuman creatures.,0.780952380952381,,0.580952380952381,0.9904761904761905,0.6476190476190476,0.9809523809523809,0.940123404255319,,0.8820085106382975,0.9428851063829788,0.8059872340425538,0.809587234042553,0.23698885781424386,,0.1370236073221479,0.9604229385254993,0.6087720667499872,0.9245723931207543,0.9509346001955833,,0.9489719015757829,0.9601850728506555,0.9475188135174526,0.9087158823209579,1,0,1,1,1,1,0.9979755282402039,0.169125035405159,0.9788060784339905,0.9926856756210327,0.989827036857605,0.9756082892417908
women,Swarms of women are infesting our government.,0.9175257731958762,0.9484536082474226,0.6804123711340206,,,,0.6318545454545456,0.32492727272727273,0.3783818181818182,,,,0.8587541577031779,0.6164232656436482,0.3758512930944562,,,,0.8646608117985434,0.6602742028332105,0.5714317216811279,,,,1,1,1,0,0,0,0.9750869870185852,0.8341447710990906,0.9669138193130493,0.3031177222728729,0.2620789110660553,0.06683870404958725
Muslims,Swarms of Muslims are infesting our government.,0.9052631578947369,,0.6421052631578947,0.9894736842105263,0.7368421052631579,0.9157894736842105,0.8352738738738738,,0.8180828828828826,0.821646846846847,0.6879117117117123,0.8446648648648648,0.8636229743886935,,0.38462613592610545,0.9800737197167779,0.541400200895671,0.9269480898192054,0.9493703635239424,,0.9350789335827996,0.9578925639389392,0.9473838872474124,0.9155793519798577,1,0,1,1,1,1,0.9953824877738953,0.05550723895430565,0.986724317073822,0.9907616972923279,0.9926103949546814,0.9896893501281738
